KS-9,Arcade 5-6-7,44,26,1
KS-12,Arcade 5-6-7,44,21,1
KS-14,Arcade 5-6-7,44,19,1
KS-17,Arcade 5-6-7,44,18,1
KS-20,Arcade 5-6-7,44,32,1
KS-26,Arcade 5-6-7,44,1,1
KS-27,Arcade 5-6-7,44,58,1
KS-28,Arcade 5-6-7,44,1,1
KS-34,Arcade 5-6-7,44,6,1
KS-54,Arcade 5-6-7,44,2,1
KS-57,Arcade 5-6-7,44,47,1
KS-61,Arcade 5-6-7,44,5,1
KS-68,Arcade 5-6-7,44,4,1
KS-70,Arcade 5-6-7,44,1,1
KS-90,Arcade 5-6-7,44,5,1
KS-93,Arcade 5-6-7,44,5,1
KS-96,Arcade 5-6-7,44,2,1
KS-9,Arcade 5-6-7,66,37,1
KS-12,Arcade 5-6-7,66,14,1
KS-17,Arcade 5-6-7,66,45,1
KS-18,Arcade 5-6-7,66,1,1
KS-20,Arcade 5-6-7,66,36,1
KS-24,Arcade 5-6-7,66,53,1
KS-26,Arcade 5-6-7,66,1,1
KS-28,Arcade 5-6-7,66,33,1
KS-34,Arcade 5-6-7,66,2,1
KS-41,Arcade 5-6-7,66,1,1
KS-54,Arcade 5-6-7,66,28,1
KS-57,Arcade 5-6-7,66,11,1
KS-60,Arcade 5-6-7,66,11,1
KS-61,Arcade 5-6-7,66,23,1
KS-70,Arcade 5-6-7,66,20,1
KS-72,Arcade 5-6-7,66,8,1
KS-90,Arcade 5-6-7,66,29,1
KS-93,Arcade 5-6-7,66,10,1
KS-96,Arcade 5-6-7,66,22,1
KS-100,Arcade 5-6-7,66,30,1
KS-9,G32,44,30,1
KS-12,G32,44,11,1
KS-13,G32,44,6,1
KS-14,G32,44,55,1
KS-17,G32,44,3,1
KS-20,G32,44,21,1
KS-27,G32,44,23,1
KS-28,G32,44,9,1
KS-45,G32,44,20,1
KS-54,G32,44,1,1
KS-57,G32,44,2,1
KS-61,G32,44,27,1
KS-68,G32,44,4,1
KS-70,G32,44,4,1
KS-82,G32,44,4,1
KS-90,G32,44,12,1
KS-93,G32,44,3,1
KS-95,G32,44,11,1
KS-96,G32,44,1,1
KS-100,G32,44,3,1
KS-9,G32,66,25,1
KS-12,G32,66,10,1
KS-18,G32,66,18,1
KS-20,G32,66,18,1
KS-24,G32,66,14,1
KS-26,G32,66,14,1
KS-28,G32,66,14,1
KS-45,G32,66,61,1
KS-61,G32,66,17,1
KS-72,G32,66,16,1
KS-88,G32,66,4,1
KS-90,G32,66,13,1
KS-95,G32,66,32,1
KS-6,M12,33,1,1
KS-8,M12,44,1,1
KS-9,M12,44,4,1
KS-12,M12,44,6,1
KS-13,M12,44,4,1
KS-14,M12,44,8,1
KS-17,M12,44,32,1
KS-18,M12,44,7,1
KS-19,M12,44,1,1
KS-24,M12,44,26,1
KS-27,M12,44,70,1
KS-28,M12,44,1,1
KS-45,M12,44,1,1
KS-54,M12,44,6,1
KS-55,M12,44,1,1
KS-60,M12,44,12,1
KS-70,M12,44,18,1
KS-82,M12,44,14,1
KS-95,M12,44,6,1
KS-8,M12,66,2,1
KS-9,M12,66,12,1
KS-12,M12,66,17,1
KS-17,M12,66,11,1
KS-18,M12,66,15,1
KS-24,M12,66,37,1
KS-26,M12,66,12,1
KS-27,M12,66,2,1
KS-54,M12,66,17,1
KS-57,M12,66,1,1
KS-60,M12,66,25,1
KS-70,M12,66,35,1
KS-78,M12,66,2,1
KS-82,M12,66,14,1
KS-95,M12,66,13,1
KS-9,Shop 21-22,44,14,1
KS-11,Shop 21-22,44,2,1
KS-12,Shop 21-22,44,14,1
KS-13,Shop 21-22,44,9,1
KS-14,Shop 21-22,44,13,1
KS-17,Shop 21-22,44,11,1
KS-18,Shop 21-22,44,5,1
KS-19,Shop 21-22,44,1,1
KS-20,Shop 21-22,44,13,1
KS-22,Shop 21-22,44,4,1
KS-23,Shop 21-22,44,10,1
KS-24,Shop 21-22,44,27,1
KS-26,Shop 21-22,44,3,1
KS-27,Shop 21-22,44,13,1
KS-28,Shop 21-22,44,15,1
KS-41,Shop 21-22,44,7,1
KS-45,Shop 21-22,44,4,1
KS-54,Shop 21-22,44,11,1
KS-55,Shop 21-22,44,14,1
KS-57,Shop 21-22,44,13,1
KS-60,Shop 21-22,44,7,1
KS-61,Shop 21-22,44,13,1
KS-62,Shop 21-22,44,1,1
KS-70,Shop 21-22,44,14,1
KS-72,Shop 21-22,44,1,1
KS-82,Shop 21-22,44,13,1
KS-88,Shop 21-22,44,12,1
KS-90,Shop 21-22,44,11,1
KS-93,Shop 21-22,44,10,1
KS-95,Shop 21-22,44,14,1
KS-96,Shop 21-22,44,13,1
KS-100,Shop 21-22,44,12,1
KS-9,Shop 21-22,66,10,1
KS-12,Shop 21-22,66,2,1
KS-17,Shop 21-22,66,5,1
KS-18,Shop 21-22,66,3,1
KS-20,Shop 21-22,66,5,1
KS-23,Shop 21-22,66,1,1
KS-24,Shop 21-22,66,7,1
KS-26,Shop 21-22,66,5,1
KS-27,Shop 21-22,66,1,1
KS-28,Shop 21-22,66,10,1
KS-41,Shop 21-22,66,4,1
KS-45,Shop 21-22,66,10,1
KS-49,Shop 21-22,66,1,1
KS-54,Shop 21-22,66,5,1
KS-57,Shop 21-22,66,10,1
KS-60,Shop 21-22,66,3,1
KS-61,Shop 21-22,66,2,1
KS-62,Shop 21-22,66,1,1
KS-68,Shop 21-22,66,1,1
KS-70,Shop 21-22,66,1,1
KS-72,Shop 21-22,66,4,1
KS-82,Shop 21-22,66,4,1
KS-88,Shop 21-22,66,10,1
KS-90,Shop 21-22,66,5,1
KS-93,Shop 21-22,66,5,1
KS-95,Shop 21-22,66,5,1
KS-96,Shop 21-22,66,9,1
KS-100,Shop 21-22,66,5,1
SAK-6,Arcade 5-6-7,44,25,1
SAK-8,Arcade 5-6-7,44,36,1
SAK-9,Arcade 5-6-7,44,11,1
SAK-11,Arcade 5-6-7,44,14,1
SAK-12,Arcade 5-6-7,44,36,1
SAK-13,Arcade 5-6-7,44,43,1
SAK-14,Arcade 5-6-7,44,16,1
SAK-17,Arcade 5-6-7,44,33,1
SAK-18,Arcade 5-6-7,44,10,1
SAK-19,Arcade 5-6-7,44,15,1
SAK-20,Arcade 5-6-7,44,22,1
SAK-23,Arcade 5-6-7,44,12,1
SAK-27,Arcade 5-6-7,44,20,1
SAK-31,Arcade 5-6-7,44,13,1
SAK-34,Arcade 5-6-7,44,42,1
SAK-44,Arcade 5-6-7,44,30,1
SAK-53,Arcade 5-6-7,44,8,1
SAK-55,Arcade 5-6-7,44,40,1
SAK-60,Arcade 5-6-7,44,33,1
SAK-62,Arcade 5-6-7,44,53,1
SAK-65,Arcade 5-6-7,44,24,1
SAK-82,Arcade 5-6-7,44,7,1
SAK-83,Arcade 5-6-7,44,7,1
SAK-85,Arcade 5-6-7,44,28,1
SAK-95,Arcade 5-6-7,44,9,1
SAK-96,Arcade 5-6-7,44,13,1
SAK-99,Arcade 5-6-7,44,6,1
SAK-6,Arcade 5-6-7,66,66,1
SAK-8,Arcade 5-6-7,66,112,1
SAK-9,Arcade 5-6-7,66,37,1
SAK-11,Arcade 5-6-7,66,29,1
SAK-12,Arcade 5-6-7,66,65,1
SAK-13,Arcade 5-6-7,66,69,1
SAK-14,Arcade 5-6-7,66,58,1
SAK-17,Arcade 5-6-7,66,50,1
SAK-18,Arcade 5-6-7,66,36,1
SAK-19,Arcade 5-6-7,66,32,1
SAK-20,Arcade 5-6-7,66,34,1
SAK-23,Arcade 5-6-7,66,22,1
SAK-24,Arcade 5-6-7,66,8,1
SAK-27,Arcade 5-6-7,66,71,1
SAK-31,Arcade 5-6-7,66,7,1
SAK-34,Arcade 5-6-7,66,55,1
SAK-38,Arcade 5-6-7,66,12,1
SAK-44,Arcade 5-6-7,66,26,1
SAK-53,Arcade 5-6-7,66,48,1
SAK-55,Arcade 5-6-7,66,64,1
SAK-60,Arcade 5-6-7,66,70,1
SAK-62,Arcade 5-6-7,66,34,1
SAK-65,Arcade 5-6-7,66,33,1
SAK-82,Arcade 5-6-7,66,82,1
SAK-83,Arcade 5-6-7,66,38,1
SAK-85,Arcade 5-6-7,66,66,1
SAK-95,Arcade 5-6-7,66,36,1
SAK-96,Arcade 5-6-7,66,16,1
SAK-99,Arcade 5-6-7,66,20,1
SAK-105,Arcade 5-6-7,66,62,1
SAK-6,Shop 17-18,44,12,1
SAK-8,Shop 17-18,44,23,1
SAK-9,Shop 17-18,44,13,1
SAK-12,Shop 17-18,44,15,1
SAK-13,Shop 17-18,44,9,1
SAK-14,Shop 17-18,44,12,1
SAK-17,Shop 17-18,44,11,1
SAK-18,Shop 17-18,44,17,1
SAK-19,Shop 17-18,44,15,1
SAK-23,Shop 17-18,44,7,1
SAK-24,Shop 17-18,44,12,1
SAK-27,Shop 17-18,44,10,1
SAK-31,Shop 17-18,44,12,1
SAK-34,Shop 17-18,44,12,1
SAK-44,Shop 17-18,44,3,1
SAK-53,Shop 17-18,44,7,1
SAK-55,Shop 17-18,44,17,1
SAK-60,Shop 17-18,44,13,1
SAK-62,Shop 17-18,44,13,1
SAK-65,Shop 17-18,44,13,1
SAK-82,Shop 17-18,44,12,1
SAK-83,Shop 17-18,44,11,1
SAK-85,Shop 17-18,44,13,1
SAK-95,Shop 17-18,44,12,1
SAK-96,Shop 17-18,44,13,1
SAK-99,Shop 17-18,44,15,1
SAK-105,Shop 17-18,44,1,1
SAK-8,Shop 17-18,66,4,1
SAK-9,Shop 17-18,66,3,1
SAK-12,Shop 17-18,66,4,1
SAK-14,Shop 17-18,66,3,1
SAK-18,Shop 17-18,66,3,1
SAK-20,Shop 17-18,66,16,1
SAK-24,Shop 17-18,66,8,1
SAK-27,Shop 17-18,66,4,1
SAK-44,Shop 17-18,66,1,1
SAK-53,Shop 17-18,66,3,1
SAK-55,Shop 17-18,66,3,1
SAK-60,Shop 17-18,66,3,1
SAK-62,Shop 17-18,66,2,1
SAK-82,Shop 17-18,66,3,1
SAK-85,Shop 17-18,66,2,1
SAK-95,Shop 17-18,66,2,1
SAK-96,Shop 17-18,66,3,1
SAK-34,Shop 17-18,66,2,1
SAK-65,Shop 17-18,66,3,1
SAK-13,Shop 17-18,66,4,1
SAK-11,Shop 17-18,66,15,1
SAK-105,Shop 17-18,66,3,1
SAK-19,Shop 17-18,66,3,1
SAK-17,Shop 17-18,66,4,1
SAK-99,Shop 17-18,66,4,1
SAK-31,Shop 17-18,66,2,1
SAK-6,Shop 17-18,66,3,1
SAK-83,Shop 17-18,66,3,1