AK-1,FF10,44,46,88
AK-1,FF10,66,60,88
AK-1,M12,44,4,88
AK-1,Shop 17-18,44,4,88
AK-1,Shop 17-18,66,2,88
AK-2,FF10,44,10,88
AK-2,FF10,66,27,88
AK-2,G8,44,6,88
AK-2,G8,66,1,88
AK-2,Shop 17-18,44,5,88
AK-2,Shop 17-18,66,4,88
AK-3,FF10,44,7,88
AK-3,FF10,66,34,88
AK-3,G8,66,1,88
AK-3,M16,66,5,88
AK-3,Shop 17-18,44,4,88
AK-3,Shop 17-18,66,6,88
AK-4,FF10,44,94,88
AK-4,FF10,66,1,88
AK-4,G12,44,31,88
AK-4,G12,66,9,88
AK-4,M12,44,33,88
AK-4,M12,66,20,88
AK-4,M16,66,41,88
AK-4,Shop 17-18,44,6,88
AK-4,Shop 17-18,66,7,88
AK-5,M12,44,2,88
AK-5,M16,66,8,88
AK-5,Shop 17-18,44,3,88
AK-5,Shop 17-18,66,5,88
AK-6,FF10,44,10,88
AK-6,FF10,66,11,88
AK-6,M12,44,1,88
AK-6,Shop 17-18,44,4,88
AK-6,Shop 17-18,66,4,88
AK-8,FF10,44,2,88
AK-8,G12,44,2,88
AK-8,G32,66,13,88
AK-8,Shop 17-18,44,2,88
AK-8,Shop 17-18,66,3,88
AK-9,FF10,44,2,88
AK-9,M16,66,49,88
AK-9,Shop 17-18,66,5,88
AK-10,M16,44,15,88
AK-10,M16,66,21,88
AK-10,Shop 17-18,66,4,88
AK-11,FF10,66,16,88
AK-11,G8,44,34,88
AK-11,G8,66,17,88
AK-11,Shop 17-18,44,3,88
AK-11,Shop 17-18,66,4,88
AK-12,FF10,44,16,88
AK-12,FF10,66,10,88
AK-12,M12,44,27,88
AK-12,M12,66,61,88
AK-12,Shop 17-18,44,6,88
AK-12,Shop 17-18,66,4,88
AK-13,FF10,44,48,88
AK-13,FF10,66,24,88
AK-13,Shop 17-18,44,4,88
AK-13,Shop 17-18,66,3,88
AK-15,M12,44,10,88
AK-15,M16,66,1,88
AK-15,Shop 17-18,44,3,88
AK-15,Shop 17-18,66,4,88
AK-16,FF10,44,3,88
AK-16,FF10,68,1,88
AK-16,FF10,86,1,88
AK-16,FF10,96,1,88
AK-16,FF10,99,1,88
AK-16,FF10,100,2,88
AK-16,FF10,101,2,88
AK-16,FF10,116,1,88
AK-16,FF10,132,1,88
AK-16,Shop 17-18,44,2,88
AK-17,G8,66,7,88
AK-17,G32,66,18,88
AK-17,Shop 17-18,66,4,88
AK-18,G8,44,3,88
AK-18,G8,66,17,88
AK-18,M12,44,4,88
AK-18,M12,66,14,88
AK-18,Shop 17-18,44,1,88
AK-18,Shop 17-18,66,4,88
AK-19,FF10,44,25,88
AK-19,G8,44,1,88
AK-19,G8,66,11,88
AK-19,M12,44,14,88
AK-19,Shop 17-18,44,9,88
AK-19,Shop 17-18,66,3,88
AK-20,FF10,44,31,88
AK-20,FF10,66,18,88
AK-20,M12,44,14,88
AK-20,M16,66,3,88
AK-20,Shop 17-18,44,7,88
AK-20,Shop 17-18,66,6,88
AK-22,G12,44,10,88
AK-22,G12,66,3,88
AK-22,M12,44,3,88
AK-22,Shop 17-18,44,3,88
AK-22,Shop 17-18,66,2,88
AK-23,FF10,44,16,88
AK-23,Shop 17-18,66,5,88
AK-24,FF10,116,1,88
AK-24,Shop 17-18,66,1,88
AK-24,Shop 17-18,124,1,88
AK-24,Shop 17-18,157,1,88
AK-26,FF10,66,34,88
AK-26,G8,44,8,88
AK-26,G8,66,14,88
AK-26,M12,44,12,88
AK-26,M16,66,17,88
AK-26,Shop 17-18,44,4,88
AK-26,Shop 17-18,66,8,88
AK-27,FF10,44,6,88
AK-27,FF10,66,10,88
AK-27,Shop 17-18,44,6,88
AK-27,Shop 17-18,66,2,88
AK-28,M12,44,4,88
AK-28,M16,44,48,88
AK-28,M16,66,28,88
AK-28,Shop 17-18,44,3,88
AK-28,Shop 17-18,66,5,88
AK-30,FF10,66,1,88
AK-30,M12,44,1,88
AK-30,Shop 17-18,66,7,88
AK-31,FF10,44,8,88
AK-31,M12,44,5,88
AK-31,M16,66,14,88
AK-31,Shop 17-18,44,4,88
AK-31,Shop 17-18,66,4,88
AK-34,FF10,32,4,88
AK-34,FF10,36,8,88
AK-34,FF10,44,1,88
AK-34,M12,66,69,88
AK-34,M16,66,20,88
AK-34,Shop 17-18,66,4,88
AK-36,Shop 17-18,44,2,88
AK-36,Shop 17-18,66,1,88
AK-37,FF10,44,12,88
AK-37,G8,44,30,88
AK-37,G12,44,3,88
AK-37,M12,44,3,88
AK-37,M16,66,7,88
AK-37,Shop 17-18,44,4,88
AK-37,Shop 17-18,66,1,88
AK-38,G8,66,1,88
AK-38,G12,44,8,88
AK-38,M12,44,4,88
AK-38,Shop 17-18,66,4,88
AK-39,FF10,44,5,88
AK-39,G8,44,1,88
AK-39,M12,44,2,88
AK-39,Shop 17-18,44,4,88
AK-40,M12,44,11,88
AK-40,Shop 17-18,44,4,88
AK-40,Shop 17-18,66,1,88
AK-41,FF10,44,5,88
AK-41,G8,44,13,88
AK-41,M12,44,3,88
AK-41,Shop 17-18,44,10,88
AK-41,Shop 17-18,66,4,88
AK-42,FF10,44,1,88
AK-42,G8,66,1,88
AK-42,M16,66,6,88
AK-42,Shop 17-18,44,2,88
AK-42,Shop 17-18,66,3,88
AK-43,FF10,44,1,88
AK-43,G8,44,12,88
AK-43,M12,44,20,88
AK-43,M16,66,20,88
AK-43,Shop 17-18,44,4,88
AK-44,G8,66,6,88
AK-44,G32,44,7,88
AK-44,G32,66,17,88
AK-44,Shop 17-18,44,4,88
AK-44,Shop 17-18,66,5,88
AK-45,FF10,44,10,88
AK-45,FF10,66,5,88
AK-45,G8,66,6,88
AK-45,M12,44,29,88
AK-45,M12,66,18,88
AK-45,M16,66,30,88
AK-45,Shop 17-18,44,4,88
AK-46,G8,44,13,88
AK-46,G8,66,24,88
AK-46,M12,44,8,88
AK-46,Shop 17-18,44,4,88
AK-46,Shop 17-18,66,4,88
AK-47,FF10,44,1,88
AK-47,M12,44,8,88
AK-47,M16,66,1,88
AK-47,Shop 17-18,66,2,88
AK-48,FF10,44,3,88
AK-48,G8,44,6,88
AK-48,M12,44,28,88
AK-48,M12,66,21,88
AK-48,M16,66,26,88
AK-48,Shop 17-18,44,4,88
AK-48,Shop 17-18,66,6,88
AK-49,FF10,44,41,88
AK-49,G8,66,8,88
AK-49,G12,44,8,88
AK-49,G12,66,8,88
AK-49,M12,44,1,88
AK-49,M16,66,5,88
AK-49,Shop 17-18,44,2,88
AK-49,Shop 17-18,66,4,88
AK-50,G8,44,14,88
AK-50,G12,44,10,88
AK-50,G12,66,8,88
AK-50,Shop 17-18,44,2,88
AK-50,Shop 17-18,66,4,88
AK-51,Shop 17-18,44,3,88
AK-52,FF10,44,4,88
AK-52,Shop 17-18,44,4,88
AK-52,Shop 17-18,66,6,88
AK-53,G8,44,3,88
AK-53,G8,66,12,88
AK-53,G32,66,2,88
AK-53,Shop 17-18,44,4,88
AK-53,Shop 17-18,66,4,88
AK-54,FF10,44,10,88
AK-54,FF10,66,28,88
AK-54,G8,66,10,88
AK-54,M12,44,17,88
AK-54,M12,66,20,88
AK-54,M16,66,27,88
AK-54,Shop 17-18,44,3,88
AK-54,Shop 17-18,66,3,88
AK-55,G8,44,7,88
AK-55,G8,66,7,88
AK-55,M12,44,7,88
AK-55,M12,66,20,88
AK-55,Shop 17-18,44,7,88
AK-55,Shop 17-18,66,4,88
AK-56,FF10,44,6,88
AK-56,FF10,66,6,88
AK-57,G8,44,7,88
AK-57,M12,44,11,88
AK-57,M12,66,25,88
AK-57,M16,66,1,88
AK-57,Shop 17-18,44,3,88
AK-57,Shop 17-18,66,5,88
AK-59,FF10,66,1,88
AK-59,G8,44,9,88
AK-59,G8,66,1,88
AK-59,M12,44,3,88
AK-59,Shop 17-18,44,4,88
AK-60,FF10,44,23,88
AK-60,FF10,66,4,88
AK-60,M16,66,10,88
AK-60,Shop 17-18,44,4,88
AK-60,Shop 17-18,66,7,88
AK-61,FF10,44,9,88
AK-61,FF10,66,29,88
AK-61,G8,44,5,88
AK-61,M12,44,24,88
AK-61,M16,66,1,88
AK-61,Shop 17-18,44,4,88
AK-61,Shop 17-18,66,4,88
AK-62,G8,44,23,88
AK-62,G8,66,1,88
AK-62,M12,44,17,88
AK-62,M16,66,2,88
AK-62,Shop 17-18,44,4,88
AK-62,Shop 17-18,66,6,88
AK-63,FF10,44,10,88
AK-63,FF10,66,11,88
AK-63,G8,66,2,88
AK-63,Shop 17-18,44,4,88
AK-63,Shop 17-18,66,4,88
AK-64,FF10,44,2,88
AK-64,Shop 17-18,44,2,88
AK-65,FF10,44,35,88
AK-65,FF10,66,24,88
AK-65,G8,44,4,88
AK-65,M12,44,14,88
AK-65,M16,66,1,88
AK-65,Shop 17-18,66,4,88
AK-66,Shop 17-18,44,5,88
AK-68,G8,44,8,88
AK-69,M12,44,27,88
AK-70,FF10,44,5,88
AK-70,FF10,66,3,88
AK-70,G8,44,4,88
AK-70,M12,44,6,88
AK-70,Shop 17-18,44,9,88
AK-70,Shop 17-18,66,4,88
AK-72,G8,44,1,88
AK-72,G32,44,24,88
AK-72,G32,66,15,88
AK-72,Shop 17-18,44,4,88
AK-72,Shop 17-18,66,9,88
AK-75,FF10,44,8,88
AK-75,G8,44,3,88
AK-75,Shop 17-18,44,2,88
AK-79,FF10,44,13,88
AK-79,FF10,66,2,88
AK-79,G8,44,13,88
AK-79,G8,66,28,88
AK-79,M12,44,11,88
AK-79,M12,66,18,88
AK-79,Shop 17-18,44,2,88
AK-79,Shop 17-18,66,4,88
AK-80,FF10,66,1,88
AK-80,M12,44,12,88
AK-80,M16,66,7,88
AK-80,Shop 17-18,44,5,88
AK-80,Shop 17-18,66,4,88
AK-81,FF10,66,10,88
AK-81,M16,66,8,88
AK-81,Shop 17-18,44,4,88
AK-81,Shop 17-18,66,2,88
AK-82,FF10,44,9,88
AK-82,G8,44,7,88
AK-82,G8,66,34,88
AK-82,Shop 17-18,44,5,88
AK-82,Shop 17-18,66,4,88
AK-83,G32,44,9,88
AK-83,G32,66,20,88
AK-83,M12,66,15,88
AK-83,Shop 17-18,44,5,88
AK-83,Shop 17-18,66,4,88
AK-84,FF10,44,45,88
AK-84,FF10,66,17,88
AK-84,G8,44,23,88
AK-84,M12,44,4,88
AK-84,Shop 17-18,44,3,88
AK-84,Shop 17-18,66,4,88
AK-85,FF10,44,9,88
AK-85,FF10,66,18,88
AK-85,G8,66,13,88
AK-85,M16,44,4,88
AK-85,M16,66,33,88
AK-85,Shop 17-18,44,5,88
AK-85,Shop 17-18,66,5,88
AK-86,FF10,44,2,88
AK-86,G8,44,8,88
AK-86,M12,44,10,88
AK-86,M12,66,11,88
AK-86,Shop 17-18,66,6,88
AK-87,Shop 17-18,44,6,88
AK-88,G8,44,10,88
AK-88,G8,66,3,88
AK-88,M12,44,9,88
AK-88,Shop 17-18,44,3,88
AK-88,Shop 17-18,66,4,88
AK-89,FF10,44,5,88
AK-89,G8,66,1,88
AK-89,Shop 17-18,66,4,88
AK-90,G8,44,19,88
AK-90,M12,44,16,88
AK-90,M12,66,9,88
AK-90,Shop 17-18,66,6,88
AK-91,FF10,44,16,88
AK-91,FF10,66,12,88
AK-91,G8,44,5,88
AK-91,M12,44,17,88
AK-91,M16,66,7,88
AK-91,Shop 17-18,44,4,88
AK-91,Shop 17-18,66,5,88
AK-92,G8,44,57,88
AK-92,Shop 17-18,66,2,88
AK-93,FF10,44,11,88
AK-93,FF10,66,7,88
AK-93,G8,44,7,88
AK-93,G8,66,10,88
AK-93,Shop 17-18,44,6,88
AK-93,Shop 17-18,66,4,88
AK-94,G8,44,2,88
AK-94,M12,44,3,88
AK-94,Shop 17-18,44,5,88
AK-94,Shop 17-18,66,5,88
AK-95,G8,44,28,88
AK-95,G8,66,15,88
AK-95,M12,44,3,88
AK-95,M16,66,4,88
AK-95,Shop 17-18,44,8,88
AK-95,Shop 17-18,66,4,88
AK-96,G8,44,10,88
AK-96,M12,44,9,88
AK-96,M12,66,17,88
AK-96,Shop 17-18,44,4,88
AK-96,Shop 17-18,66,4,88
AK-97,M12,44,14,88
AK-97,M12,66,18,88
AK-97,M16,66,8,88
AK-97,Shop 17-18,44,5,88
AK-97,Shop 17-18,66,5,88
AK-98,M16,66,3,88
AK-99,G8,44,6,88
AK-99,G8,66,4,88
AK-99,Shop 17-18,44,4,88
AK-99,Shop 17-18,66,5,88
AK-100,FF10,44,20,88
AK-100,FF10,66,29,88
AK-100,G8,44,6,88
AK-100,G8,66,1,88
AK-100,Shop 17-18,44,10,88
AK-100,Shop 17-18,66,6,88
AK-101,FF10,44,9,88
AK-101,FF10,66,10,88
AK-101,G8,44,7,88
AK-101,M12,44,46,88
AK-101,M16,44,15,88
AK-101,M16,66,20,88
AK-101,Shop 17-18,44,1,88
AK-101,Shop 17-18,66,4,88
AK-103,G8,66,1,88
AK-103,Shop 17-18,44,6,88
AK-103,Shop 17-18,66,4,88
KS-2,FF21,44,11,80
KS-2,FF21,66,10,80
KS-2,Shop 17-18,44,4,80
KS-2,Shop 17-18,66,3,80
KS-6,G8,44,13,80
KS-6,G8,66,11,80
KS-6,M12,44,15,80
KS-6,Shop 17-18,44,4,80
KS-6,Shop 17-18,66,3,80
KS-8,G12,44,22,80
KS-8,G12,66,1,80
KS-8,M12,44,1,80
KS-8,Shop 17-18,44,12,80
KS-9,FF21,44,40,80
KS-9,FF21,66,52,80
KS-9,G32,44,26,80
KS-9,G32,66,28,80
KS-9,M12,44,6,80
KS-9,M12,66,16,80
KS-9,Shop 17-18,44,3,80
KS-9,Shop 17-18,66,3,80
KS-10,Shop 17-18,44,4,80
KS-10,Shop 17-18,66,2,80
KS-11,G32,44,6,80
KS-11,Shop 17-18,44,4,80
KS-12,FF21,44,43,80
KS-12,FF21,66,26,80
KS-12,G32,44,8,80
KS-12,G32,66,16,80
KS-12,M12,44,10,80
KS-12,M12,66,20,80
KS-12,Shop 17-18,44,4,80
KS-12,Shop 17-18,66,3,80
KS-13,FF21,44,4,80
KS-13,G32,44,52,80
KS-13,M12,44,9,80
KS-13,Shop 17-18,44,4,80
KS-14,FF21,44,48,80
KS-14,FF21,66,6,80
KS-14,G32,44,66,80
KS-14,G32,66,20,80
KS-14,M12,44,6,80
KS-14,Shop 17-18,44,5,80
KS-14,Shop 17-18,66,3,80
KS-17,FF21,44,43,80
KS-17,FF21,66,71,80
KS-17,G32,44,4,80
KS-17,M12,44,37,80
KS-17,M12,66,15,80
KS-17,Shop 17-18,44,4,80
KS-17,Shop 17-18,66,3,80
KS-18,FF21,66,1,80
KS-18,G32,44,1,80
KS-18,G32,66,22,80
KS-18,M12,44,7,80
KS-18,M12,66,18,80
KS-18,Shop 17-18,44,1,80
KS-19,FF21,44,6,80
KS-19,M12,44,5,80
KS-19,Shop 17-18,44,4,80
KS-20,FF21,44,48,80
KS-20,FF21,66,47,80
KS-20,G32,44,13,80
KS-20,G32,66,20,80
KS-20,Shop 17-18,44,8,80
KS-20,Shop 17-18,66,5,80
KS-22,Shop 17-18,44,4,80
KS-23,G32,44,17,80
KS-23,Shop 17-18,44,3,80
KS-23,Shop 17-18,66,10,80
KS-24,FF21,66,57,80
KS-24,G32,44,15,80
KS-24,G32,66,46,80
KS-24,M12,44,38,80
KS-24,M12,66,34,80
KS-24,Shop 17-18,44,8,80
KS-24,Shop 17-18,66,5,80
KS-26,FF21,44,2,80
KS-26,FF21,66,1,80
KS-26,G32,44,10,80
KS-26,G32,66,20,80
KS-26,M12,66,13,80
KS-26,Shop 17-18,44,5,80
KS-26,Shop 17-18,66,3,80
KS-27,FF21,44,80,80
KS-27,FF21,66,21,80
KS-27,G32,44,30,80
KS-27,M12,44,69,80
KS-27,M12,66,9,80
KS-27,Shop 17-18,44,4,80
KS-27,Shop 17-18,66,3,80
KS-28,FF21,44,18,80
KS-28,FF21,66,48,80
KS-28,G32,44,8,80
KS-28,G32,66,21,80
KS-28,M12,44,1,80
KS-28,Shop 17-18,44,3,80
KS-28,Shop 17-18,66,1,80
KS-34,FF21,44,7,80
KS-34,FF21,66,15,80
KS-34,Shop 17-18,44,5,80
KS-41,FF21,66,1,80
KS-41,Shop 17-18,44,4,80
KS-41,Shop 17-18,66,8,80
KS-45,G32,44,23,80
KS-45,G32,66,71,80
KS-45,M12,44,1,80
KS-45,Shop 17-18,44,3,80
KS-49,FF21,44,3,80
KS-49,FF21,66,1,80
KS-54,FF21,44,21,80
KS-54,FF21,66,39,80
KS-54,M12,44,16,80
KS-54,M12,66,18,80
KS-54,Shop 17-18,44,4,80
KS-54,Shop 17-18,66,4,80
KS-55,FF21,44,11,80
KS-55,M12,44,11,80
KS-55,M12,66,18,80
KS-55,Shop 17-18,44,4,80
KS-55,Shop 17-18,66,3,80
KS-57,FF21,44,60,80
KS-57,FF21,66,24,80
KS-57,Shop 17-18,44,4,80
KS-60,FF21,44,15,80
KS-60,FF21,66,16,80
KS-60,M12,44,15,80
KS-60,M12,66,31,80
KS-60,Shop 17-18,44,5,80
KS-60,Shop 17-18,66,3,80
KS-61,FF21,44,19,80
KS-61,FF21,66,23,80
KS-61,G32,44,10,80
KS-61,G32,66,20,80
KS-61,Shop 17-18,44,7,80
KS-61,Shop 17-18,66,5,80
KS-62,FF21,44,6,80
KS-62,FF21,66,9,80
KS-62,Shop 17-18,44,5,80
KS-62,Shop 17-18,66,4,80
KS-68,FF21,44,5,80
KS-68,Shop 17-18,44,5,80
KS-68,Shop 17-18,66,3,80
KS-70,FF21,44,21,80
KS-70,FF21,66,29,80
KS-70,M12,44,13,80
KS-70,M12,66,36,80
KS-70,Shop 17-18,44,4,80
KS-70,Shop 17-18,66,2,80
KS-72,FF21,66,12,80
KS-72,G32,44,9,80
KS-72,G32,66,21,80
KS-72,Shop 17-18,44,1,80
KS-72,Shop 17-18,66,4,80
KS-78,M12,44,1,80
KS-78,M12,66,6,80
KS-78,Shop 17-18,44,4,80
KS-78,Shop 17-18,66,2,80
KS-82,FF21,44,10,80
KS-82,G32,44,7,80
KS-82,G32,66,17,80
KS-82,M12,44,15,80
KS-82,M12,66,20,80
KS-82,Shop 17-18,44,5,80
KS-82,Shop 17-18,66,3,80
KS-83,M12,44,7,80
KS-83,M12,66,3,80
KS-83,Shop 17-18,44,4,80
KS-83,Shop 17-18,66,3,80
KS-85,FF21,44,1,80
KS-85,FF21,66,5,80
KS-85,G32,44,5,80
KS-85,Shop 17-18,44,4,80
KS-85,Shop 17-18,66,2,80
KS-88,G32,44,10,80
KS-88,G32,66,26,80
KS-88,Shop 17-18,44,4,80
KS-88,Shop 17-18,66,3,80
KS-90,FF21,44,19,80
KS-90,FF21,66,35,80
KS-90,G32,44,9,80
KS-90,G32,66,20,80
KS-90,Shop 17-18,44,4,80
KS-90,Shop 17-18,66,3,80
KS-93,FF21,44,22,80
KS-93,FF21,66,21,80
KS-93,Shop 17-18,44,4,80
KS-93,Shop 17-18,66,3,80
KS-95,FF21,66,16,80
KS-95,G32,44,25,80
KS-95,G32,66,38,80
KS-95,M12,44,8,80
KS-95,M12,66,20,80
KS-95,Shop 17-18,44,4,80
KS-95,Shop 17-18,66,4,80
KS-96,FF21,44,22,80
KS-96,FF21,66,33,80
KS-96,Shop 17-18,44,4,80
KS-96,Shop 17-18,66,3,80
KS-100,FF21,44,14,80
KS-100,FF21,66,39,80
KS-100,Shop 17-18,44,4,80
KS-100,Shop 17-18,66,7,80
KS-105,M12,44,18,80
KS-105,Shop 17-18,44,4,80
KS-105,Shop 17-18,66,3,80
Bareeza Net,M12,100,6,80
Bareeza Net,M19,100,315,80
Bareeza Net,M19,200,1,80
Bareeza Net,Shop 17-18,200,1,80
Can Can Net,M19,50,1,80
Can Can Net,M19,100,2,80
Can Can Net,Shop 17-18,100,1,80
Kasab China Net,M12,100,39,46
Kasab China Net,M19,100,110,46
Kasab China Net,Umer Fancy Gajjumata,100,2730,46
Bareeza Net Kaala,Shop 17-18,100,1,65
Kasab Net Kaala,M19,50,17,52
Kasab Net Kaala,Shop 17-18,50,1,52
China Tissue,M19,100,2,60
China Tissue,Shop 17-18,100,1,60
6A Bara Crinkle,M17,37.5,10,100
6A Bara Crinkle,Shop 17-18,37.5,1,100
6A Chota Crinkle,M17,36,2,200
6A Chota Crinkle,Shop 17-18,36,3,200
7A Multi Crinkle,M17,20,4,230
7A Multi Crinkle,M17,30,1,230
7A Multi Crinkle,M17,36,20,230
7A Multi Crinkle,Shop 17-18,34,6,230
Brown Rose Crinkle,M17,64,3,100
Brown Rose Crinkle,Shop 17-18,64,1,100
Classic Crinkle,M17,20,13,108
Classic Crinkle,Shop 17-18,20,1,108
Diamond PK Crinkle,Shop 17-18,64,9,155
Double Saima Crinkle,M17,36,24,100
Double Saima Crinkle,Shop 17-18,36,2,100
Hoor-E-Arab Crinkle,M17,20,8,75
Hoor-E-Arab Crinkle,Shop 17-18,20,2,75
M Crinkle,M17,25,1,180
M Crinkle,M17,32.5,1,180
M Crinkle,M17,40,1,180
M Crinkle,Shop 17-18,25,1,180
Miss Pakistan Crinkle,M17,15,1,90
Miss Pakistan Crinkle,M17,20,1,90
Miss Pakistan Crinkle,M17,27.5,1,90
Miss Pakistan Crinkle,M17,30,20,90
Miss Pakistan Crinkle,M17,32.5,1,90
Miss Pakistan Crinkle,M17,40,2,90
Miss Pakistan Crinkle,M17,42.5,1,90
Miss Pakistan Crinkle,M17,55,1,90
Miss Pakistan Crinkle,Shop 17-18,30,1,90
Miss World Crinkle,M17,30,24,90
Miss World Crinkle,M17,36,1,90
Miss World Crinkle,Shop 17-18,30,2,90
NN Bindi Crinkle,G12,20,4,90
NN Bindi Crinkle,Shop 17-18,20,2,90
Nokia Crinkle,M17,20,8,100
Nokia Crinkle,Shop 17-18,20,1,100
Red Rose Crinkle,M17,36,3,100
Red Rose Crinkle,M17,64,2,100
Red Rose Crinkle,Shop 17-18,64,1,100
Sohnee Crinkle,M17,20,8,80
Sohnee Crinkle,Shop 17-18,20,3,80
Special Crinkle,Shop 17-18,32,2,80
Dupatta Maria B. 4 Border White,M17,1,71,750
Dupatta Maria B. 4 Border White,Shop 17-18,1,599,750
Orgenza Tilla Line White,Shop 17-18,1,63,185
4 Border Rangoli,Shop 17-18,1,78,525
Orgenza 2 Border,Shop 17-18,1,2,450
Orgenza 2 Border Tilla,Shop 17-18,1,104,425
2-A China Kataan,Shop 17-18,20,10,92
3-A China Kataan,M17,20,4,95
3-A China Kataan,Shop 17-18,20,13,95
3-A China Kataan,Shop 17-18,37.5,1,95
A-China Kataan,M17,20,1,90
A-China Kataan,Shop 17-18,20,5,90
Queen Kataan Labba,M17,40,1,115
Queen Kataan Labba,Shop 17-18,40,1,115
China Kataan,M17,31,8,100
China Kataan,Shop 17-18,20,2,100
China Kataan,Shop 17-18,30,6,100
Khadi Net Dupatta,G12,11.5,1,72
Khadi Net Dupatta,G12,16.5,1,72
Khadi Net Dupatta,G12,21,76,72
Khadi Net Dupatta,G12,24.5,1,72
Khadi Net Dupatta,G12,28.5,1,72
Khadi Net Dupatta,G12,32.5,1,72
Khadi Net Dupatta,G12,49,1,72
Khadi Net Dupatta,M17,21,3,72
Khadi Net Dupatta,Shop 17-18,11,1,72
Khadi Net Dupatta,Shop 17-18,11.5,1,72
Khadi Net Dupatta,Shop 17-18,21,8,72
Khadi Net Kameez,G12,10,1,67
Khadi Net Kameez,G12,12,2,67
Khadi Net Kameez,G12,18,1,67
Khadi Net Kameez,G12,23,251,67
Khadi Net Kameez,G12,25,1,67
Khadi Net Kameez,G12,25.5,1,67
Khadi Net Kameez,G12,26.5,1,67
Khadi Net Kameez,G12,27,3,67
Khadi Net Kameez,G12,32,2,67
Khadi Net Kameez,G12,38.5,1,67
Khadi Net Kameez,G12,46,1,67
Khadi Net Kameez,G12,50,1,67
Khadi Net Kameez,G12,66.5,1,67
Khadi Net Kameez,G12,67,1,67
Khadi Net Kameez,G12,69,20,67
Khadi Net Kameez,G12,70,6,67
Khadi Net Kameez,G12,93.5,1,67
Khadi Net Kameez,M17,69,4,67
Khadi Net Kameez,Shop 17-18,23,6,67
Khadi Net Kameez,Shop 17-18,26.5,1,67
Khadi Net Kameez,Shop 17-18,39,1,67
Khadi Net Kameez,Shop 17-18,69,1,67
Lorex Orgenza Jaal,Shop 17-18,20,4,185
Orgenza Check,M17,20,5,45
Orgenza Check,M17,23,1,45
Orgenza Check,Shop 17-18,17,1,45
Orgenza Check,Shop 17-18,18,1,45
Orgenza Check,Shop 17-18,20,1,45
Orgenza Check,Shop 17-18,21,1,45
Orgenza Check,Shop 17-18,24,1,45
Orgenza Check,Shop 17-18,26,1,45
Orgenza Check,Shop 17-18,28,1,45
Orgenza Check,Shop 17-18,29,1,45
Orgenza Check Tilla,M17,20,8,52
Orgenza Check Tilla,Shop 17-18,20,6,52
Orgenza Loose Bhadia 2A,G8,195,1,48
Orgenza Loose Bhadia 2A,G8,226,1,48
Orgenza Loose Bhadia 2A,G8,228,1,48
Orgenza Loose Bhadia 2A,G8,230,3,48
Orgenza Loose Bhadia 2A,G8,246,1,48
Orgenza Loose Bhadia 2A,G8,250,1,48
Orgenza Loose Bhadia 2A,G8,253,1,48
Orgenza Loose Bhadia 2A,G8,270,1,48
Orgenza Loose Bhadia 2A,G8,272,1,48
Orgenza Loose Bhadia 2A,G8,275,2,48
Orgenza Loose Bhadia 2A,G8,280,1,48
Orgenza Loose Bhadia 2A,G8,285,2,48
Orgenza Loose Bhadia 2A,G8,290,1,48
Orgenza Loose Bhadia 2A,G8,302,1,48
Orgenza Loose Bhadia 2A,G8,304,1,48
Orgenza Loose Bhadia 2A,G8,305,1,48
Orgenza Loose Bhadia 2A,G8,306,1,48
Orgenza Loose Bhadia 2A,G8,324,1,48
Orgenza Loose Bhadia 2A,G8,335,1,48
Orgenza Loose Bhadia 2A,Shop 17-18,86.5,1,48
Orgenza Loose Bhadia 2A,Shop 17-18,121,1,48
Orgenza Masoori,Shop 17-18,45,1,55
Orgenza Patti,FF10,21,80,42
Orgenza Patti,M17,21,132,42
Orgenza Pure Saada,M17,50,2,86
Orgenza Pure Saada,Shop 17-18,50,7,86
Orgenza Saada Grw,M17,5,1,42
Orgenza Saada Grw,M17,6,1,42
Orgenza Saada Grw,M17,39,1,42
Orgenza Saada Grw,M17,99,1,42
Orgenza Saada Grw,Shop 17-18,43.74,1,42
Orgenza Saada Grw,Shop 17-18,158.57,1,42
Orgenza Saada Grw,Shop 17-18,166.22,2,42
Orgenza Saada Grw,Shop 17-18,174.97,1,42
Orgenza Saada Grw,Shop 17-18,177.16,1,42
Orgenza Water Jet Khulli Kinari,M12,287,1,42
Orgenza Water Jet Khulli Kinari,M12,309,1,42
Orgenza Water Jet Khulli Kinari,M12,354,1,42
Orgenza Water Jet Khulli Kinari,Shop 17-18,166,1,42
Orgenza Water Jet Khulli Kinari,Shop 17-18,169,1,42
Orgenza Water Jet Khulli Kinari,Shop 17-18,265,1,42
Orgenza Barosha Kameez,M17,10,1,82
Orgenza Barosha Kameez,M17,30,12,82
Orgenza Barosha Kameez,M17,67,1,82
Orgenza Barosha Kameez,M17,77,1,82
Orgenza Barosha Kameez,M17,125,1,82
Orgenza Barosha Kameez,M17,129,1,82
Orgenza Barosha Kameez,Shop 17-18,30,4,82
Orgenza Barosha Kameez,Shop 17-18,41,1,82
Orgenza Barosha Kameez,Shop 17-18,71,1,82
Orgenza Barosha Kameez,Shop 17-18,123.5,1,82
Orgenza Barosha Dupatta,M17,41,1,82
Orgenza Barosha Dupatta,M17,53.5,1,82
Orgenza Barosha Dupatta,M17,81.5,1,82
Orgenza Barosha Dupatta,M17,106,1,82
Orgenza Barosha Dupatta,M17,111,1,82
Orgenza Barosha Dupatta,M17,117,1,82
Orgenza Barosha Dupatta,M17,122,1,82
Orgenza Barosha Dupatta,M17,124,1,82
Orgenza Barosha Dupatta,M17,128,1,82
Orgenza Barosha Dupatta,M17,130.5,1,82
Orgenza Barosha Dupatta,M17,134,2,82
Orgenza Barosha Dupatta,M17,146,1,82
Orgenza 4 Border Rangdaar,Shop 17-18,1,175,780
Orgenza Lorex Bindi,Shop 17-18,25,4,130
Orgenza Lorex Bindi,Shop 17-18,35,5,130
Orgenza Lorex Bindi,Shop 17-18,75,1,130
Orgenza Lorex Bindi,Shop 17-18,80,1,130
Orgenza Lorex Bindi,Shop 17-18,95,1,130
Orgenza Lorex Bindi,Shop 17-18,100,7,130
Orgenza Lorex Bindi,Shop 17-18,101,1,130
Orgenza Lorex Bindi,Shop 17-18,102,1,130
Orgenza Lorex Bindi,Shop 17-18,151,1,130
Orgenza Rangoli Tilla,Shop 17-18,50,10,75
Orgenza Tilla Line All over,Shop 17-18,52.5,1,70
Orgenza Jaal Rangdaar,Shop 17-18,50,1,94
Malai Patti,M17,20,3,45
Malai Patti,Shop 17-18,20,1,45
Orgenza Golden Patti,Shop 17-18,21,8,45
Barfi Slub,M17,20,51,110
Barfi Slub,Shop 17-18,20,6,110
Golden Slub,M17,12.5,4,120
Golden Slub,M17,15,5,120
Golden Slub,M17,17.5,2,120
Golden Slub,M17,20,20,120
Golden Slub,M17,25,6,120
Golden Slub,M17,30,1,120
Golden Slub,M17,32.5,1,120
Golden Slub,M17,36,2,120
Golden Slub,M17,42.5,4,120
Golden Slub,Shop 17-18,20,15,120
Gulaab Slub,M17,17.5,1,110
Gulaab Slub,M17,20,21,110
Gulaab Slub,Shop 17-18,10,1,110
Gulaab Slub,Shop 17-18,15,1,110
Gulaab Slub,Shop 17-18,17.5,1,110
Gulaab Slub,Shop 17-18,20,2,110
Gulaab Slub,Shop 17-18,25,1,110
Gulaab Slub,Shop 17-18,40,2,110
Indian Bhari Slub,G12,20,5,300
Indian Bhari Slub,Shop 17-18,20,1,300
Ravi Slub,M17,20,12,110
Raw Silk Labba,Shop 17-18,37.5,1,120
Sun Slub,Shop 17-18,40,1,80
5 Star Slub,M17,20,9,125
5 Star Slub,Shop 17-18,20,1,125
5 Star Shameez,M17,20,19,60
5 Star Shameez,Shop 17-18,20,5,60
F-16 Shameez,M17,20,19,65
Koriya Shameez,M17,20,3,78
Koriya Shameez,Shop 17-18,20,1,78
Resham Shameez,M17,20,2,63
Resham Shameez,Shop 17-18,20,4,63
Decent Russian,Shop 17-18,20,6,140
KK Russian,Shop 17-18,20,1,120
Malai Russian,M17,20,8,110
McDonald Russian,G12,20,10,120
McDonald Russian,M17,20,27,120
McDonald Russian,Shop 17-18,17.5,3,120
McDonald Russian,Shop 17-18,20,1,120
Queen Russian,M17,20,20,120
Queen Russian,Shop 17-18,20,2,120
Rasmalai Russian,M17,20,21,110
Rasmalai Russian,Shop 17-18,20,2,110
Supreme Russian,M17,20,2,80
Supreme Russian,Shop 17-18,20,1,80
Supreme Russian,Shop 17-18,22.5,1,80
Double Super Russian,M17,20,10,90
Double Super Russian,Shop 17-18,20,10,90
Gulaab Jamun,Shop 17-18,20,5,130
China Silk Shafoon,Shop 17-18,64,1,155
Double Red Rose Shafoon,M17,30,22,115
Double Red Rose Shafoon,Shop 17-18,30,1,115
Karatey Shafoon,G12,30,15,65
Karatey Shafoon,M17,20,10,65
Karatey Shafoon,Shop 17-18,20,3,65
Viscose Loose Shuttle-less,M17,45,1,80
Viscose Loose Shuttle-less,Shop 17-18,100,1,80
Viscose Loose Shuttle-less,Shop 17-18,166.5,1,80
Viscose Loose Shuttle-less,Shop 17-18,190.75,1,80
Viscose Loose Kanni Kataan,G8,25,1,80
Viscose Loose Kanni Kataan,G8,35,1,80
Viscose Loose Kanni Kataan,G8,73,1,80
Viscose Loose Kanni Kataan,G8,78,1,80
Viscose Loose Kanni Kataan,G8,81,1,80
Viscose Loose Kanni Kataan,G8,83,1,80
Viscose Loose Kanni Kataan,G8,89,1,80
Viscose Loose Kanni Kataan,G8,99,1,80
Viscose Loose Kanni Kataan,G8,101,1,80
Viscose Loose Kanni Kataan,G8,106,1,80
Viscose Loose Kanni Kataan,G8,107,1,80
Viscose Loose Kanni Kataan,G8,108,1,80
Viscose Loose Kanni Kataan,G8,110,1,80
Viscose Loose Kanni Kataan,G8,113,1,80
Viscose Loose Kanni Kataan,G8,121,1,80
Viscose Loose Kanni Kataan,G8,123,1,80
Viscose Loose Kanni Kataan,G8,124,2,80
Viscose Loose Kanni Kataan,G8,124.5,1,80
Viscose Loose Kanni Kataan,G8,125,1,80
Viscose Loose Kanni Kataan,G8,126.5,1,80
Viscose Loose Kanni Kataan,G8,134,1,80
Viscose Loose Kanni Kataan,G8,136,1,80
Viscose Loose Kanni Kataan,G8,144,2,80
Viscose Loose Kanni Kataan,G8,150,1,80
Viscose Loose Kanni Kataan,G8,160,1,80
Viscose Loose Kanni Kataan,G8,200,1,80
Viscose Loose Kanni Kataan,Shop 17-18,25,1,80
Viscose Loose Kanni Kataan,Shop 17-18,42,1,80
Viscose Loose Kanni Kataan,Shop 17-18,47,1,80
Paper Cotton,M17,100,2,75
Paper Cotton,M17,105,1,75
Paper Cotton,M17,108,1,75
Paper Cotton,M17,109,1,75
Paper Cotton,M17,111,1,75
Masoori Paris,M17,12.5,1,115
Masoori Paris,M17,15,5,115
Masoori Paris,M17,17.5,2,115
Masoori Paris,M17,22.5,1,115
Masoori Paris,M17,30,1,115
Masoori Paris,M17,32.5,1,115
Masoori Paris,Shop 17-18,28,1,115
Orgenza Slub,M17,20,30,52
Orgenza Slub,Shop 17-18,15,1,52
Orgenza Slub,Shop 17-18,21,1,52
Orgenza Slub,Shop 17-18,30,1,52
Orgenza Net Slub,M17,21,40,52
Orgenza Net Slub,Shop 17-18,34,1,52
USB Self,Shop 17-18,20,1,80
Orgenza Multi Barosha,M12,180,1,42
Orgenza Multi Barosha,Shop 17-18,90,1,42
Orgenza Barosha Rangdaar,M17,59,1,94
Orgenza Barosha Rangdaar,M17,73,1,94
Orgenza Barosha Rangdaar,M17,77,1,94
Orgenza Barosha Rangdaar,M17,82,1,94
Orgenza Barosha Rangdaar,M17,98,1,94
Orgenza Barosha Rangdaar,M17,107,1,94
Orgenza Barosha Rangdaar,M17,139,1,94
Orgenza Barosha Rangdaar,M17,141,1,94
Orgenza Barosha Rangdaar,M17,150,1,94
Orgenza Barosha Rangdaar,M17,151,1,94
Orgenza Barosha Rangdaar,M17,160,1,94